会長椅子,prop_chairretro02_1,Prop,Furniture,0,1,0,0,0,0,0,0,0,0,0,0,0,0,0,0,0,1,0,1,1,1,,
切り株,prop_woodstump,Prop,Furniture,0,1,0,0,0,0,0,0,0,0,0,0,0,0,0,0,0,1,0,1,1,1,,
テーブル,prop_tables,Prop,Furniture,0,1,0,0,0,0,0,0,0,0,0,0,0,0,0,0,0,1,0,1,1,1,,
椅子,prop_chairs,Prop,Furniture,0,1,0,0,0,0,0,0,0,0,0,0,0,0,0,0,0,1,0,1,1,1,,
本棚,prop_bookshelf,Prop,Furniture,0,1,0,0,0,0,0,0,0,0,0,0,0,0,0,0,0,1,0,1,1,1,,
ディスプレイ,prop_display,Prop,Furniture,0,1,0,0,0,0,0,0,0,0,0,0,0,0,0,0,0,1,0,1,1,1,,
デスク,prop_desk,Prop,Furniture,0,1,0,0,0,0,0,0,0,0,0,0,0,0,0,0,0,1,0,1,1,1,,
椅子(エレクトーン),prop_luna_electone_chair,Prop,Furniture,0,1,0,0,0,0,0,0,0,0,0,0,0,0,0,0,0,1,0,1,1,1,,
びょうぶ,prop_byoubu,Prop,Furniture,0,1,0,0,0,0,0,0,0,0,0,0,0,0,0,0,0,1,0,1,1,1,,
掛け軸,prop_kakejiku,Prop,Furniture,0,1,0,0,0,0,0,0,0,0,0,0,0,0,0,0,0,1,0,1,1,1,,
正月飾り,prop_shougatukazari,Prop,Furniture,0,1,0,0,0,0,0,0,0,0,0,0,0,0,0,0,0,1,0,1,1,1,,
シャワー,prop_shower,Prop,Furniture,0,1,0,0,0,0,0,0,0,0,0,0,0,0,0,0,0,1,0,1,1,1,,
椅子(リッチ),prop_chair_rich,Prop,Furniture,0,1,0,0,0,0,0,0,0,0,0,0,0,0,0,0,0,1,0,1,1,1,,
ソファー(リッチ),prop_sofa_rich,Prop,Furniture,0,1,0,0,0,0,0,0,0,0,0,0,0,0,0,0,0,1,0,1,1,1,,
オーブンレンジ,prop_microwave_oven,Prop,Furniture,0,1,0,0,0,0,0,0,0,0,0,0,0,0,0,0,0,1,0,1,1,1,,
テーブル(ホロスタ),prop_stars_tables,Prop,Furniture,0,1,0,0,0,0,0,0,0,0,0,0,0,0,0,0,0,1,0,1,1,1,,
椅子(ホロスタ),prop_stars_chairs,Prop,Furniture,0,1,0,0,0,0,0,0,0,0,0,0,0,0,0,0,0,1,0,1,1,1,,
額縁,prop_pictureframe,Prop,Furniture,0,1,0,0,0,0,0,0,0,0,0,0,0,0,0,0,0,1,0,1,1,1,,
Aクッション,prop_achan_cushion,Prop,Hand,0,0,0,0,0,0,0,0,0,0,0,1,0,0,0,0,0,1,0,1,1,1,,
にんじん,prop_ninjin,Prop,Hand,0,0,0,0,0,0,0,0,0,0,0,1,0,0,0,0,0,1,0,1,1,1,,
おはらい棒,prop_oharai,Prop,Hand,0,0,0,0,0,0,0,0,0,0,0,1,0,0,0,0,0,1,0,1,1,1,,
メイス,prop_mace,Prop,Hand,0,0,0,0,0,0,0,0,0,0,0,1,0,0,0,0,0,1,0,1,1,1,,
バスケット,prop_basket,Prop,Hand,0,0,0,0,0,0,0,0,0,0,0,1,0,0,0,0,0,1,0,1,1,1,,
手持ち看板,prop_placard,Prop,Hand,0,0,0,0,0,0,0,0,0,0,0,1,0,0,0,0,0,1,0,1,1,1,,
えびふらいおん,prop_ebiflion,Prop,Hand,0,0,0,0,0,0,0,0,0,0,0,1,0,0,0,0,0,1,0,1,1,1,,
ダック,prop_duck,Prop,Hand,0,0,0,0,0,0,0,0,0,0,0,1,0,0,0,0,0,1,0,1,1,1,,
ポテチ,prop_potachibag,Prop,Hand,0,0,0,0,0,0,0,0,0,0,0,1,0,0,0,0,0,1,0,1,1,1,,
リングコン,prop_ringcon,Prop,Hand,0,0,0,0,0,0,0,0,0,0,0,1,0,0,0,0,0,1,0,1,1,1,,
ピコピコハンマー,prop_pikopiko,Prop,Hand,0,0,0,0,0,0,0,0,0,0,0,1,0,0,0,0,0,1,0,1,1,1,,
おたより,prop_paper,Prop,Hand,0,0,0,0,0,0,0,0,0,0,0,1,0,0,0,0,0,1,0,1,1,1,,
ドリンク,prop_drinks,Prop,Hand,0,0,0,0,0,0,0,0,0,0,0,1,0,0,0,0,0,1,0,1,1,1,,
フォーク,prop_fork,Prop,Hand,0,0,0,0,0,0,0,0,0,0,0,1,0,0,0,0,0,1,0,1,1,1,,
フォーク（チーズ）,prop_fork_cheesecake,Prop,Hand,0,0,0,0,0,0,0,0,0,0,0,1,0,0,0,0,0,1,0,1,1,1,,
空箱,prop_treasurebox,Prop,Hand,0,0,0,0,0,0,0,0,0,0,0,1,0,0,0,0,0,1,0,1,1,1,,
木槌,prop_wooden_hammer,Prop,Hand,0,0,0,0,0,0,0,0,0,0,0,1,0,0,0,0,0,1,0,1,1,1,,
盾,prop_shield,Prop,Hand,0,0,0,0,0,0,0,0,0,0,0,1,0,0,0,0,0,1,0,1,1,1,,
ドス,prop_dosu,Prop,Hand,0,0,0,0,0,0,0,0,0,0,0,1,0,0,0,0,0,1,0,1,1,1,,
盃,prop_sakazuki,Prop,Hand,0,0,0,0,0,0,0,0,0,0,0,1,0,0,0,0,0,1,0,1,1,1,,
手裏剣,prop_kanata_shuriken,Prop,Hand,0,0,0,0,0,0,0,0,0,0,0,1,0,0,0,0,0,1,0,1,1,1,,
共通マイク,prop_microphone,Prop,Hand,0,0,0,0,0,0,0,0,0,0,0,1,0,0,0,0,0,1,0,1,1,1,,
ピストル,prop_pistol,Prop,Hand,0,0,0,0,0,0,0,0,0,0,0,1,0,0,0,0,0,1,0,1,1,1,,
指さし棒,prop_yubisasi_bou,Prop,Hand,0,0,0,0,0,0,0,0,0,0,0,1,0,0,0,0,0,1,0,1,1,1,,
わためマイク,prop_watame_mic,Prop,Hand,0,0,0,0,0,0,0,0,0,0,0,1,0,0,0,0,0,1,0,1,1,1,,
じゃんけん棒,prop_jankenstick,Prop,Hand,0,0,0,0,0,0,0,0,0,0,0,1,0,0,0,0,0,1,0,1,1,1,,
ハンディカム,prop_videocamera,Prop,Hand,0,0,0,0,0,0,0,0,0,0,0,1,0,0,0,0,0,1,0,1,1,1,,
朝ココ商品,prop_asacoco,Prop,Hand,0,0,0,0,0,0,0,0,0,0,0,1,0,0,0,0,0,1,0,1,1,1,,
トワ槍,prop_towa_spear,Prop,Hand,0,0,0,0,0,0,0,0,0,0,0,1,0,0,0,0,0,1,0,1,1,1,,
トワ帽子,prop_towa_cap,Prop,Hand,0,0,0,0,0,0,0,0,0,0,0,1,0,0,0,0,0,1,0,1,1,1,,
ルーナマイク,prop_luna_mic,Prop,Hand,0,0,0,0,0,0,0,0,0,0,0,1,0,0,0,0,0,1,0,1,1,1,,
たこやき,prop_takoyaki,Prop,Hand,0,0,0,0,0,0,0,0,0,0,0,1,0,0,0,0,0,1,0,1,1,1,,
手持ち武器,prop_handweapon,Prop,Hand,0,0,0,0,0,0,0,0,0,0,0,1,0,0,0,0,0,1,0,1,1,1,,
本,prop_book,Prop,Hand,0,0,0,0,0,0,0,0,0,0,0,1,0,0,0,0,0,1,0,1,1,1,,
フライパン,prop_pan_28cm_crimson,Prop,Hand,0,0,0,0,0,0,0,0,0,0,0,1,0,0,0,0,0,1,0,1,1,1,,
肉,prop_meat2,Prop,Hand,0,0,0,0,0,0,0,0,0,0,0,1,0,0,0,0,0,1,0,1,1,1,,
扇子,prop_foldingfan,Prop,Hand,0,0,0,0,0,0,0,0,0,0,0,1,0,0,0,0,0,1,0,1,1,1,,
立川ペンライト,prop_tachikawa_penlight,Prop,Hand,0,0,0,0,0,0,0,0,0,0,0,1,0,0,0,0,0,1,0,1,1,1,,
ジャグリング,prop_juggling,Prop,Hand,0,0,0,0,0,0,0,0,0,0,0,1,0,0,0,0,0,1,0,1,1,1,,
グレネード,prop_granade,Prop,Hand,0,0,0,0,0,0,0,0,0,0,0,1,0,0,0,0,0,1,0,1,1,1,,
銃,prop_guns,Prop,Hand,0,0,0,0,0,0,0,0,0,0,0,1,0,0,0,0,0,1,0,1,1,1,,
RPG7,prop_rpg7,Prop,Hand,0,0,0,0,0,0,0,0,0,0,0,1,0,0,0,0,0,1,0,1,1,1,,
一升瓶,prop_issyoubin,Prop,Hand,0,0,0,0,0,0,0,0,0,0,0,1,0,0,0,0,0,1,0,1,1,1,,
筆,prop_writing_brush,Prop,Hand,0,0,0,0,0,0,0,0,0,0,0,1,0,0,0,0,0,1,0,1,1,1,,
おちょこ,prop_ochoko,Prop,Hand,0,0,0,0,0,0,0,0,0,0,0,1,0,0,0,0,0,1,0,1,1,1,,
とっくり,prop_tokkuri,Prop,Hand,0,0,0,0,0,0,0,0,0,0,0,1,0,0,0,0,0,1,0,1,1,1,,
スイカ割り棒,prop_wookstick,Prop,Hand,0,0,0,0,0,0,0,0,0,0,0,1,0,0,0,0,0,1,0,1,1,1,,
旗,prop_flag,Prop,Hand,0,0,0,0,0,0,0,0,0,0,0,1,0,0,0,0,0,1,0,1,1,1,,
ねっこ,prop_nekko,Prop,Hand,0,0,0,0,0,0,0,0,0,0,0,1,0,0,0,0,0,1,0,1,1,1,,
桜花弁,prop_sakurapetal,Prop,Hand,0,0,0,0,0,0,0,0,0,0,0,1,0,0,0,0,0,1,0,1,1,1,,
NEKO,prop_neko,Prop,Hand,0,0,0,0,0,0,0,0,0,0,0,1,0,0,0,0,0,1,0,1,1,1,,
すいせいマイク,prop_suiseimic,Prop,Hand,0,0,0,0,0,0,0,0,0,0,0,1,0,0,0,0,0,1,0,1,1,1,,
シエンナイフ,prop_shienblade,Prop,Hand,0,0,0,0,0,0,0,0,0,0,0,1,0,0,0,0,0,1,0,1,1,1,,
グラブオブジェクト,prop_grab_object,Prop,Hand,0,0,0,0,0,0,0,0,0,0,0,1,0,0,0,0,0,1,0,1,1,1,,
リボルバー,prop_revolver,Prop,Hand,0,0,0,0,0,0,0,0,0,0,0,1,0,0,0,0,0,1,0,1,1,1,,
ピザ,prop_pizza,Prop,Hand,0,0,0,0,0,0,0,0,0,0,0,1,0,0,0,0,0,1,0,1,1,1,,
ピザカッター,prop_pizza_cutter,Prop,Hand,0,0,0,0,0,0,0,0,0,0,0,1,0,0,0,0,0,1,0,1,1,1,,
ケチャップ,prop_ketchup,Prop,Hand,0,0,0,0,0,0,0,0,0,0,0,1,0,0,0,0,0,1,0,1,1,1,,
ブーケ,prop_customcolor_bouquet,Prop,Hand,0,0,0,0,0,0,0,0,0,0,0,1,0,0,0,0,0,1,0,1,1,1,,
ファストドロー,prop_fastdraw_balloon,Prop,Hand,0,0,0,0,0,0,0,0,0,0,0,1,0,0,0,0,0,1,0,1,1,1,,
傘,prop_umbrella,Prop,Hand,0,0,0,0,0,0,0,0,0,0,0,1,0,0,0,0,0,1,0,1,1,1,,
シエン銃,prop_shiengun,Prop,Hand,0,0,0,0,0,0,0,0,0,0,0,1,0,0,0,0,0,1,0,1,1,1,,
猫山。,prop_nekoyama,Prop,Hand,0,0,0,0,0,0,0,0,0,0,0,1,0,0,0,0,0,1,0,1,1,1,,
マリンハンマー,prop_marine_hummer,Prop,Hand,0,0,0,0,0,0,0,0,0,0,0,1,0,0,0,0,0,1,0,1,1,1,,
ピザプレート,prop_pizza_plate,Prop,Hand,0,0,0,0,0,0,0,0,0,0,0,1,0,0,0,0,0,1,0,1,1,1,,
シェーカー,prop_shaker,Prop,Hand,0,0,0,0,0,0,0,0,0,0,0,1,0,0,0,0,0,1,0,1,1,1,,
オムライス,prop_omurice,Prop,Hand,0,0,0,0,0,0,0,0,0,0,0,1,0,0,0,0,0,1,0,1,1,1,,
ゴルフクラブ,prop_golfclubs,Prop,Hand,0,0,0,0,0,0,0,0,0,0,0,1,0,0,0,0,0,1,0,1,1,1,,
ジョイコンL,prop_joyconl,Prop,Hand,0,0,0,0,0,0,0,0,0,0,0,1,0,0,0,0,0,1,0,1,1,1,,
ジョイコンR,prop_joyconr,Prop,Hand,0,0,0,0,0,0,0,0,0,0,0,1,0,0,0,0,0,1,0,1,1,1,,
まつりマイク,prop_matsuri_mic,Prop,Hand,0,0,0,0,0,0,0,0,0,0,0,1,0,0,0,0,0,1,0,1,1,1,,
線香花火,prop_sparkler,Prop,Hand,0,0,0,0,0,0,0,0,0,0,1,1,0,0,0,0,0,1,0,1,1,1,,
フランスパン,prop_frenchbread,Prop,Hand,0,0,0,0,0,0,0,0,0,0,0,1,0,0,0,0,0,1,0,1,1,1,,
えびハンド,prop_ebinippa,Prop,Hand,0,0,0,0,0,0,0,0,0,0,0,1,0,0,0,0,0,1,0,1,1,1,,
かにハンド,prop_kaninippa,Prop,Hand,0,0,0,0,0,0,0,0,0,0,0,1,0,0,0,0,0,1,0,1,1,1,,
キアラシールド,prop_kiara_shield,Prop,Hand,0,0,0,0,0,0,0,0,0,0,0,1,0,0,0,0,0,1,0,1,1,1,,
キアラソード,prop_kiara_sword,Prop,Hand,0,0,0,0,0,0,0,0,0,0,0,1,0,0,0,0,0,1,0,1,1,1,,
キアラチキンバケット,prop_kiara_chicken_bucket,Prop,Hand,0,0,0,0,0,0,0,0,0,0,0,1,0,0,0,0,0,1,0,1,1,1,,
キアラチキン左,prop_kiara_chicken_left,Prop,Hand,0,0,0,0,0,0,0,0,0,0,0,1,0,0,0,0,0,1,0,1,1,1,,
キアラチキン右,prop_kiara_chicken_right,Prop,Hand,0,0,0,0,0,0,0,0,0,0,0,1,0,0,0,0,0,1,0,1,1,1,,
わためマイク2,prop_watamemic2,Prop,Hand,0,0,0,0,0,0,0,0,0,0,0,1,0,0,0,0,0,1,0,1,1,1,,
天真剣,prop_tenma_sword,Prop,Hand,0,0,0,0,0,0,0,0,0,0,0,1,0,0,0,0,0,1,0,1,1,1,,
酸素缶,prop_guscan,Prop,Hand,0,0,0,0,0,0,0,0,0,0,0,1,0,0,0,0,0,1,0,1,1,1,,
サイリウム,prop_psyllium,Prop,Hand,0,0,0,0,0,0,0,0,0,0,0,1,0,0,0,0,0,1,0,1,1,1,,
ペットボトル,prop_petbottle,Prop,Hand,0,0,0,0,0,0,0,0,0,0,0,1,0,0,0,0,0,1,0,1,1,1,,
ブーケ(ホロスタ),prop_bouquet_holostars,Prop,Hand,0,0,0,0,0,0,0,0,0,0,0,1,0,0,0,0,0,1,0,1,1,1,,
泡立て器,prop_awadateki,Prop,Hand,0,0,0,0,0,0,0,0,0,0,0,1,0,0,0,0,0,1,0,1,1,1,,
リス豚貯金箱,prop_piggybank,Prop,Hand,0,0,0,0,0,0,0,0,0,0,0,1,0,0,0,0,0,1,0,1,1,1,,
イオフィ筆,prop_iofibrush,Prop,Hand,0,0,0,0,0,0,0,0,0,0,0,1,0,0,0,0,0,1,0,1,1,1,,
カリオペ鎌,prop_scythe,Prop,Hand,0,0,0,0,0,0,0,0,0,0,0,1,0,0,0,0,0,1,0,1,1,1,,
アステルバッジ,prop_astel_badges,Prop,Hand,0,0,0,0,0,0,0,0,0,0,0,1,0,0,0,0,0,1,0,1,1,1,,
アステルカード,prop_astel_card,Prop,Hand,0,0,0,0,0,0,0,0,0,0,0,1,0,0,0,0,0,1,0,1,1,1,,
クラッカー,prop_cracker,Prop,Hand,0,0,0,0,0,0,0,0,0,0,0,1,0,0,0,0,0,1,0,1,1,1,,
アステル帽子,prop_astel_hat,Prop,Hand,0,0,0,0,0,0,0,0,0,0,0,1,0,0,0,0,0,1,0,1,1,1,,
ムーナペンギン,prop_moomo,Prop,Hand,0,0,0,0,0,0,0,0,0,0,0,1,0,0,0,0,0,1,0,1,1,1,,
リスマイク,prop_risumic,Prop,Hand,0,0,0,0,0,0,0,0,0,0,0,1,0,0,0,0,0,1,0,1,1,1,,
リスサウルス,prop_risusaurus,Prop,Hand,0,0,0,0,0,0,0,0,0,0,0,1,0,0,0,0,0,1,0,1,1,1,,
KiaraFoods,prop_kiarafoods,Prop,Hand,0,0,0,0,0,0,0,0,0,0,0,1,0,0,0,0,0,1,0,1,1,1,,
シャンパン,prop_champagne,Prop,Hand,0,0,0,0,0,0,0,0,0,0,0,1,0,0,0,0,0,1,0,1,1,1,,
ハンドベル,prop_handbell,Prop,Hand,0,0,0,0,0,0,0,0,0,0,0,1,0,0,0,0,0,1,0,1,1,1,,
箸,prop_chopstick,Prop,Hand,0,0,0,0,0,0,0,0,0,0,0,1,0,0,0,0,0,1,0,1,1,1,,
おみくじ,prop_omikuji,Prop,Hand,0,0,0,0,0,0,0,0,0,0,0,1,0,0,0,0,0,1,0,1,1,1,,
グラ武器,prop_gawrgura_weapon,Prop,Hand,0,0,0,0,0,0,0,0,0,0,0,1,0,0,0,0,0,1,0,1,1,1,,
イナニス本,prop_ina_book,Prop,Hand,0,0,0,0,0,0,0,0,0,0,0,1,0,0,0,0,0,1,0,1,1,1,,
オメガさや,prop_omega_sheath,Prop,Hand,0,0,0,0,0,0,0,0,0,0,0,1,0,0,0,0,0,1,0,1,1,1,,
オメガ剣,prop_omega_sword,Prop,Hand,0,0,0,0,0,0,0,0,0,0,0,1,0,0,0,0,0,1,0,1,1,1,,
ワトソン虫眼鏡,prop_watson_magnifier,Prop,Hand,0,0,0,0,0,0,0,0,0,0,0,1,0,0,0,0,0,1,0,1,1,1,,
ワトソン注射器,prop_watson_syringe,Prop,Hand,0,0,0,0,0,0,0,0,0,0,0,1,0,0,0,0,0,1,0,1,1,1,,
トラの手,prop_tora_hand,Prop,Hand,0,0,0,0,0,0,0,0,0,0,0,1,0,0,0,0,0,1,0,1,1,1,,
豆ます,prop_mame_masu,Prop,Hand,0,0,0,0,0,0,0,0,0,0,0,1,0,0,0,0,0,1,0,1,1,1,,
豆,prop_mame,Prop,Hand,0,0,0,0,0,0,0,0,0,0,0,1,0,0,0,0,0,1,0,1,1,1,,
恵方巻,prop_ehomaki,Prop,Hand,0,0,0,0,0,0,0,0,0,0,0,1,0,0,0,0,0,1,0,1,1,1,,
棍棒,prop_konbo,Prop,Hand,0,0,0,0,0,0,0,0,0,0,0,1,0,0,0,0,0,1,0,1,1,1,,
箒,prop_broom,Prop,Hand,0,0,0,0,0,0,0,0,0,0,0,1,0,0,0,0,0,1,0,1,1,1,,
アキロゼマイク,prop_akirose_mic,Prop,Hand,0,0,0,0,0,0,0,0,0,0,0,1,0,0,0,0,0,1,0,1,1,1,,
ねこ手,prop_cat_hand,Prop,Hand,0,0,0,0,0,0,0,0,0,0,0,1,0,0,0,0,0,1,0,1,1,1,,
ボウル,prop_bowl,Prop,Hand,0,0,0,0,0,0,0,0,0,0,0,1,0,0,0,0,0,1,0,1,1,1,,
ゲームコントローラー,prop_gamepad,Prop,Hand,0,0,0,0,0,0,0,0,0,0,0,1,0,0,0,0,0,1,0,1,1,1,,
工具,prop_industrial_tool,Prop,Hand,0,0,0,0,0,0,0,0,0,0,0,1,0,0,0,0,0,1,0,1,1,1,,
手旗,prop_hand_flag,Prop,Hand,0,0,0,0,0,0,0,0,0,0,0,1,0,0,0,0,0,1,0,1,1,1,,
旗スクリーン,prop_flagscreen,Prop,Hand,0,0,0,0,0,0,0,0,0,0,0,1,0,0,0,0,0,1,0,1,1,1,,
テニスラケット,prop_tennis_racket,Prop,Hand,0,0,0,0,0,0,0,0,0,0,0,1,0,0,0,0,0,1,0,1,1,1,,
ヘッドセット,prop_headmic,Prop,Head,0,0,0,0,0,0,0,0,0,0,0,1,0,0,0,0,0,1,0,1,1,1,,
HMD,prop_hmd,Prop,Head,0,0,0,0,0,0,0,0,0,0,0,1,0,0,0,0,0,1,0,1,1,1,,
被り物,prop_headgear,Prop,Head,0,0,0,0,0,0,0,0,0,0,0,1,0,0,0,0,0,1,0,1,1,1,,
警察の帽子,prop_policehat,Prop,Head,0,0,0,0,0,0,0,0,0,0,0,1,0,0,0,0,0,1,0,1,1,1,,
メガネ,prop_glasses,Prop,Head,0,0,0,0,0,0,0,0,0,0,0,1,0,0,0,0,0,1,0,1,1,1,,
律可イヤモニ,prop_earmoni_rikka,Prop,Head,0,0,0,0,0,0,0,0,0,0,0,1,0,0,0,0,0,1,0,1,1,1,,
わためサングラス,prop_watamesunglass,Prop,Head,0,0,0,0,0,0,0,0,0,0,0,1,0,0,0,0,0,1,0,1,1,1,,
パリピサングラス,prop_watame_paripi_glasses,Prop,Head,0,0,0,0,0,0,0,0,0,0,0,1,0,0,0,0,0,1,0,1,1,1,,
あくあイヤモニ,prop_aqua_headphone,Prop,Head,0,0,0,0,0,0,0,0,0,0,0,1,0,0,0,0,0,1,0,1,1,1,,
まつりイヤモニ,prop_matsuri_iyamoni,Prop,Head,0,0,0,0,0,0,0,0,0,0,0,1,0,0,0,0,0,1,0,1,1,1,,
おかゆイヤモニ,prop_okayu_headphone,Prop,Head,0,0,0,0,0,0,0,0,0,0,0,1,0,0,0,0,0,1,0,1,1,1,,
えびヘッド,prop_ebi,Prop,Head,0,0,0,0,0,0,0,0,0,0,0,1,0,0,0,0,0,1,0,1,1,1,,
かにヘッド,prop_kanieye,Prop,Head,0,0,0,0,0,0,0,0,0,0,0,1,0,0,0,0,0,1,0,1,1,1,,
すいせいイヤモニ,prop_suisei_micv2,Prop,Head,0,0,0,0,0,0,0,0,0,0,0,1,0,0,0,0,0,1,0,1,1,1,,
ねこみみ,prop_cat_ear,Prop,Head,0,0,0,0,0,0,0,0,0,0,0,1,0,0,0,0,0,1,0,1,1,1,,
メルヘッドホン,prop_mel_headphone,Prop,Head,0,0,0,0,0,0,0,0,0,0,0,1,0,0,0,0,0,1,0,1,1,1,,
メルリボン,prop_mel_ribbon,Prop,Head,0,0,0,0,0,0,0,0,0,0,0,1,0,0,0,0,0,1,0,1,1,1,,
アステルアフロ,prop_astelafro,Prop,Head,0,0,0,0,0,0,0,0,0,0,0,1,0,0,0,0,0,1,0,1,1,1,,
フェイスペイント(ハロウィン),prop_facepaint,Prop,Head,0,0,0,0,0,0,0,0,0,0,0,1,0,0,0,0,0,1,0,1,1,1,,
ヘアバンド(かぼちゃ),prop_pumpkin_hairband,Prop,Head,0,0,0,0,0,0,0,0,0,0,0,1,0,0,0,0,0,1,0,1,1,1,,
ヘアバンド(シルクハット),prop_silkhat,Prop,Head,0,0,0,0,0,0,0,0,0,0,0,1,0,0,0,0,0,1,0,1,1,1,,
クリスマスサングラス,prop_christmas_sunglasses,Prop,Head,0,0,0,0,0,0,0,0,0,0,0,1,0,0,0,0,0,1,0,1,1,1,,
クリスマス顔パーツ,prop_christmas_face_parts,Prop,Head,0,0,0,0,0,0,0,0,0,0,0,1,0,0,0,0,0,1,0,1,1,1,,
正月顔パーツ,prop_newyear2022_facepaint,Prop,Head,0,0,0,0,0,0,0,0,0,0,0,1,0,0,0,0,0,1,0,1,1,1,,
門松,prop_kadomatsu,Prop,Head,0,0,0,0,0,0,0,0,0,0,0,1,0,0,0,0,0,1,0,1,1,1,,
トラみみ,prop_toramimi,Prop,Head,0,0,0,0,0,0,0,0,0,0,0,1,0,0,0,0,0,1,0,1,1,1,,
ヘッドセット(ホロスタ),prop_headmic_stars,Prop,Head,0,0,0,0,0,0,0,0,0,0,0,1,0,0,0,0,0,1,0,1,1,1,,
目隠し,prop_eyemask,Prop,Head,0,0,0,0,0,0,0,0,0,0,0,1,0,0,0,0,0,1,0,1,1,1,,
お面,prop_omen,Prop,Head,0,0,0,0,0,0,0,0,0,0,0,1,0,0,0,0,0,1,0,1,1,1,,
マスク,prop_facemask,Prop,Head,0,0,0,0,0,0,0,0,0,0,0,1,0,0,0,0,0,1,0,1,1,1,,
アキロゼイヤモニ,prop_akirose_headphone,Prop,Head,0,0,0,0,0,0,0,0,0,0,0,1,0,0,0,0,0,1,0,1,1,1,,
アキロゼ髪飾り,prop_akirose_acce,Prop,Head,0,0,0,0,0,0,0,0,0,0,0,1,0,0,0,0,0,1,0,1,1,1,,
おかゆサングラス,prop_okayu_sunglass,Prop,Head,0,0,0,0,0,0,0,0,0,0,0,1,0,0,0,0,0,1,0,1,1,1,,
狐お面,prop_kitsune_omen,Prop,Head,0,0,0,0,0,0,0,0,0,0,0,1,0,0,0,0,0,1,0,1,1,1,,
簪(ひな祭り),prop_hina_kanzasi,Prop,Head,0,0,0,0,0,0,0,0,0,0,0,1,0,0,0,0,0,1,0,1,1,1,,
烏帽子(ひな祭り),prop_hina_ebosi,Prop,Head,0,0,0,0,0,0,0,0,0,0,0,1,0,0,0,0,0,1,0,1,1,1,,
マリン帽子(小),prop_marin_minihat,Prop,Head,0,0,0,0,0,0,0,0,0,0,0,1,0,0,0,0,0,1,0,1,1,1,,
そらヘッドホン(コラボ),prop_sora_collaboheadphone,Prop,Head,0,0,0,0,0,0,0,0,0,0,0,1,0,0,0,0,0,1,0,1,1,1,,
長鼻,prop_nagappana,Prop,Head,0,0,0,0,0,0,0,0,0,0,0,1,0,0,0,0,0,1,0,1,1,1,,
おしゃぶり,prop_osyaburi,Prop,Head,0,0,0,0,0,0,0,0,0,0,0,1,0,0,0,0,0,1,0,1,1,1,,
サングラス(ホロスタ),prop_holosta_sunglass,Prop,Head,0,0,0,0,0,0,0,0,0,0,0,1,0,0,0,0,0,1,0,1,1,1,,
エレキギター,prop_guitar_e,Prop,Instruments,1,0,0,0,0,0,0,0,0,0,0,0,0,0,0,0,0,1,0,1,1,1,,
アコースティックギター,prop_guitar,Prop,Instruments,1,0,0,0,0,0,0,0,0,0,0,0,0,0,0,0,0,1,0,1,1,1,,
ヴァイオリン,prop_violin,Prop,Instruments,1,0,0,0,0,0,0,0,0,0,0,0,0,0,0,0,0,1,0,1,1,1,,
ヴァイオリン弓,prop_violinbow,Prop,Instruments,1,0,0,0,0,0,0,0,0,0,0,0,0,0,0,0,0,1,0,1,1,1,,
シロフォンバチ,prop_xylostick,Prop,Instruments,1,0,0,0,0,0,0,0,0,0,0,0,0,0,0,0,0,1,0,1,1,1,,
ドラムスティック,prop_drum_stick,Prop,Instruments,1,0,0,0,0,0,0,0,0,0,0,0,0,0,0,0,0,1,0,1,1,1,,
チャイムバチ,prop_chimesstick,Prop,Instruments,1,0,0,0,0,0,0,0,0,0,0,0,0,0,0,0,0,1,0,1,1,1,,
エレキベース,prop_bassguitar,Prop,Instruments,1,0,0,0,0,0,0,0,0,0,0,0,0,0,0,0,0,1,0,1,1,1,,
律可ギター,prop_rikka_guitar,Prop,Instruments,1,0,0,0,0,0,0,0,0,0,0,0,0,0,0,0,0,1,0,1,1,1,,
ハープ,prop_harp,Prop,Instruments,1,0,0,0,0,0,0,0,0,0,0,0,0,0,0,0,0,1,0,1,1,1,,
マラカス,prop_maracas,Prop,Instruments,1,0,0,0,0,0,0,0,0,0,0,0,0,0,0,0,0,1,0,1,1,1,,
ネルーシェ,prop_nelushe_nostand,Prop,Instruments,1,0,0,0,0,0,0,0,0,0,0,0,0,0,0,0,0,1,0,1,1,1,,
トロンボーン,prop_trombone,Prop,Instruments,1,0,0,0,0,0,0,0,0,0,0,0,0,0,0,0,0,1,0,1,1,1,,
マーチングバスドラム,prop_marching_drum,Prop,Instruments,1,0,0,0,0,0,0,0,0,0,0,0,0,0,0,0,0,1,0,1,1,1,,
マレット,prop_mallet,Prop,Instruments,1,0,0,0,0,0,0,0,0,0,0,0,0,0,0,0,0,1,0,1,1,1,,
スーザフォン,prop_sousaphone,Prop,Instruments,1,0,0,0,0,0,0,0,0,0,0,0,0,0,0,0,0,1,0,1,1,1,,
アコーディオン,prop_accordion,Prop,Instruments,1,0,0,0,0,0,0,0,0,0,0,0,0,0,0,0,0,1,0,1,1,1,,
ホロスタマイクヘッド,prop_holosta_mic_head,Prop,Instruments,1,0,0,0,0,0,0,0,0,0,0,0,0,0,0,0,0,1,0,1,1,1,,
ギター(イヅル),prop_izuru_guitar,Prop,Instruments,1,0,0,0,0,0,0,0,0,0,0,0,0,0,0,0,0,1,0,1,1,1,,
カリオペベース,prop_kalliope_bass,Prop,Instruments,1,0,0,0,0,0,0,0,0,0,0,0,0,0,0,0,0,1,0,1,1,1,,
スタンドマイク,prop_microphonestand,Prop,Instruments,1,0,0,0,0,0,0,0,0,0,0,0,0,0,0,0,0,1,0,1,1,1,,
肩かけキーボード,prop_shoulderkeyboard,Prop,Instruments,1,0,0,0,0,0,0,0,0,0,0,0,0,0,0,0,0,1,0,1,1,1,,
アキロゼマイク(スタンド),prop_mic_stand_akirose,Prop,Instruments,1,0,0,0,0,0,0,0,0,0,0,0,0,0,0,0,0,1,0,1,1,1,,
リコーダー,prop_recorder,Prop,Instruments,1,0,0,0,0,0,0,0,0,0,0,0,0,0,0,0,0,1,0,1,1,1,,
タンバリン,prop_tambourine,Prop,Instruments,1,0,0,0,0,0,0,0,0,0,0,0,0,0,0,0,0,1,0,1,1,1,,
そら2022マイク,prop_sora_2022_mic,Prop,Instruments,1,0,0,0,0,0,0,0,0,0,0,0,0,0,0,0,0,1,0,1,1,1,,
牛丼,prop_gyudon,Prop,Ornaments,0,0,0,0,0,0,0,0,0,1,0,0,0,0,0,0,0,1,0,1,1,1,,
鉄板,prop_teppan,Prop,Equipment,0,0,0,0,0,1,0,0,0,0,0,0,0,0,0,0,0,1,0,1,1,1,,
プレゼントボックス,prop_presentbox,Prop,Ornaments,0,0,0,0,0,0,0,0,0,1,0,0,0,0,0,0,0,1,0,1,1,1,,
プリミティブ,prop_primitives,Prop,Furniture,0,1,0,0,0,0,0,0,0,0,0,0,0,0,0,0,0,1,0,1,1,1,,
金庫,prop_safe,Prop,Furniture,0,1,0,0,0,0,0,0,0,0,0,0,0,0,0,0,0,1,0,1,1,1,,
ロゼ隊,prop_rosetai,Prop,Maskot,0,0,0,0,0,0,1,0,0,0,0,0,0,0,0,0,0,1,0,1,1,1,,
35p,prop_mikop,Prop,Maskot,0,0,0,0,0,0,1,0,0,0,0,0,0,0,0,0,0,1,0,1,1,1,,
みこ猫コスパーツ,prop_miko_catcos,Prop,Equipment,0,0,0,0,0,0,0,0,0,0,0,1,0,0,0,0,0,1,0,1,1,1,,
メルポーチ,prop_mel_pouch,Prop,Equipment,0,0,0,0,0,0,0,0,0,0,0,1,0,0,0,0,0,1,0,1,1,1,,
玉乗り,prop_tamanori,Prop,Ornaments,0,0,0,0,0,0,0,0,0,1,0,0,0,0,0,0,0,1,0,1,1,1,,
地雷,prop_landmine,Prop,Equipment,0,0,0,0,0,0,0,0,0,0,0,1,0,0,0,0,0,1,0,1,1,1,,
半紙,prop_writing_board,Prop,Furniture,0,1,0,0,0,0,0,0,0,0,0,0,0,0,0,0,0,1,0,1,1,1,,
ぞう,prop_elephant,Prop,Furniture,0,1,0,0,0,0,0,0,0,0,0,0,0,0,0,0,0,1,0,1,1,1,,
ドローン,prop_drone,Prop,Furniture,0,1,0,0,0,0,0,0,0,0,0,0,0,0,0,0,0,1,0,1,1,1,,
おでん,prop_dish2,Prop,Ornaments,0,0,0,0,0,0,0,0,0,1,0,0,0,0,0,0,0,1,0,1,1,1,,
サメ,prop_shark,Prop,Maskot,0,0,0,0,0,0,1,0,0,0,0,0,0,0,0,0,0,1,0,1,1,1,,
画面共有,prop_desktopsharing,Prop,Equipment,0,0,0,0,0,0,0,0,0,0,0,1,0,0,0,0,0,1,0,1,1,1,,
丸影,prop_shadow,Prop,StageOption,0,0,0,0,0,0,0,1,0,0,0,0,0,0,0,0,0,1,0,1,1,1,,
幾何学パーティクル,prop_geometryparticle,Prop,Effect,0,0,0,0,1,0,0,0,0,0,0,0,0,1,0,0,0,1,0,1,1,1,,
スパークパーティクル,prop_sparksparticle,Prop,Effect,0,0,0,0,1,0,0,0,0,0,0,0,0,1,0,0,0,1,0,1,1,1,,
シャボンパーティクル,prop_boubleparticle,Prop,Effect,0,0,0,0,1,0,0,0,0,0,0,0,0,1,0,0,0,1,0,1,1,1,,
音符パーティクル,prop_noteparticle,Prop,Effect,0,0,0,0,1,0,0,0,0,0,0,0,0,1,0,0,0,1,0,1,1,1,,
蝶パーティクル,prop_butterfliesparticle,Prop,Effect,0,0,0,0,1,0,0,0,0,0,0,0,0,1,0,0,0,1,0,1,1,1,,
花火ろうそく,prop_seedfirebacket,Prop,Equipment,0,0,0,0,0,0,0,0,0,0,1,1,0,0,0,0,0,1,0,1,1,1,,
花火バケツ,prop_waterbucket,Prop,Furniture,0,1,0,0,0,0,0,0,0,0,1,0,0,0,0,0,0,1,0,1,1,1,,
35P静止,prop_mikop_human,Prop,Maskot,0,0,0,0,0,0,1,0,0,0,0,0,0,0,0,0,0,1,0,1,1,1,,
ケーキ,prop_cake,Prop,Ornaments,0,0,0,0,0,0,0,0,0,1,0,0,0,0,0,0,0,1,0,1,1,1,,
ピザ君,prop_pizakun,Prop,Maskot,0,0,0,0,0,0,1,0,0,0,0,0,0,0,0,0,0,1,0,1,1,1,,
猫しっぽ,prop_cat_tail,Prop,Accessories,0,0,0,0,0,0,0,0,1,0,0,0,0,0,0,0,0,1,0,1,1,1,,
塩ラーメン,prop_tenma_solt_ramen,Prop,Ornaments,0,0,0,0,0,0,0,0,0,1,0,0,0,0,0,0,0,1,0,1,1,1,,
ひやまる(静止),prop_hiyamaru_idle,Prop,Maskot,0,0,0,0,0,0,1,0,0,0,0,0,0,0,0,0,0,1,0,1,1,1,,
虚無すずめ,prop_miyabi_animals,Prop,Maskot,0,0,0,0,0,0,1,0,0,0,0,0,0,0,0,0,0,1,0,1,1,1,,
ホソイヌ,prop_hosoinu2,Prop,Maskot,0,0,0,0,0,0,1,0,0,0,0,0,0,0,0,0,0,1,0,1,1,1,,
スパナ,prop_spanner,Prop,Equipment,0,0,0,0,0,0,0,0,0,0,0,1,0,0,0,0,0,1,0,1,1,1,,
羽(コウモリ),prop_bat_wing,Prop,Ornaments,0,0,0,0,0,0,0,0,0,1,0,0,0,0,0,0,0,1,0,1,1,1,,
キャンディーパーティクル,prop_eff_candy,Prop,Effect,0,0,0,0,1,0,0,0,0,0,0,0,0,1,0,0,0,1,0,1,1,1,,
あんきも(座り),prop_ankimo_sit,Prop,Maskot,0,0,0,0,0,0,1,0,0,0,0,0,0,0,0,0,0,1,0,1,1,1,,
金庫,prop_safe,Prop,Furniture,0,1,0,0,0,0,0,0,0,0,0,0,0,0,0,0,0,1,0,1,1,1,,
掃除用具入れ,prop_sweep_cabinet,Prop,Furniture,0,1,0,0,0,0,0,0,0,0,0,0,0,0,0,0,0,1,0,1,1,1,,
段ボール,prop_cardboard,Prop,Furniture,0,1,0,0,0,0,0,0,0,0,0,0,0,0,0,0,0,1,0,1,1,1,,
ミオ銀狼,prop_mio_ginrou,Prop,Maskot,0,0,0,0,0,0,1,0,0,0,0,0,0,0,0,0,0,1,0,1,1,1,,
フトイヌ,prop_hutoinu,Prop,Maskot,0,0,0,0,0,0,1,0,0,0,0,0,0,0,0,0,0,1,0,1,1,1,,
プロジェクター,prop_projector,Prop,Furniture,0,1,0,0,0,0,0,0,0,0,0,0,0,0,0,0,0,1,0,1,1,1,,
水槽,prop_suisou,Prop,Furniture,0,1,0,0,0,0,0,0,0,0,0,0,0,0,0,0,0,1,0,1,1,1,,
黒板消し,prop_blackboard_eraser,Prop,Furniture,0,1,0,0,0,0,0,0,0,0,0,0,0,0,0,0,0,1,0,1,1,1,,
雪パーティクル,prop_christmas_snow,Prop,Effect,0,0,0,0,1,0,0,0,0,0,0,0,0,1,0,0,0,1,0,1,1,1,,
花火パーティクル,prop_newyear2022_fireworks,Prop,Effect,0,0,0,0,1,0,0,0,0,0,0,0,0,1,0,0,0,1,0,1,1,1,,
鏡餅,prop_kagamimoti,Prop,Ornaments,0,0,0,0,0,0,0,0,0,1,1,0,0,0,0,0,0,1,0,1,1,1,,
年越しそば,prop_toshikoshi_soba,Prop,Ornaments,0,0,0,0,0,0,0,0,0,1,1,0,0,0,0,0,0,1,0,1,1,1,,
ちょこ用ハーネス,prop_bodybelt_choco,Prop,Equipment,0,0,0,0,0,0,0,0,0,0,0,1,0,0,0,0,0,1,0,1,1,1,,
マリン用ハーネス,prop_bodybelt_marine,Prop,Equipment,0,0,0,0,0,0,0,0,0,0,0,1,0,0,0,0,0,1,0,1,1,1,,
みこ用ハーネス,prop_bodybelt_miko,Prop,Equipment,0,0,0,0,0,0,0,0,0,0,0,1,0,0,0,0,0,1,0,1,1,1,,
ねね用ハーネス,prop_bodybelt_nene,Prop,Equipment,0,0,0,0,0,0,0,0,0,0,0,1,0,0,0,0,0,1,0,1,1,1,,
馬,prop_horse,Prop,Maskot,0,0,0,0,0,0,1,0,0,0,0,0,0,0,0,0,0,1,0,1,1,1,,
浮き輪(腕),prop_floatarmring,Prop,Equipment,0,0,0,0,0,0,0,0,0,0,0,1,0,0,0,0,0,1,0,1,1,1,,
エンゲレック,prop_engklek,Prop,Game,0,0,0,1,0,0,0,0,0,0,0,0,0,0,0,0,0,1,0,1,1,1,,
ワラビー,prop_wallaby,Prop,Maskot,0,0,0,0,0,0,1,0,0,0,0,0,0,0,0,0,0,1,0,1,1,1,,
おにぎりゃー,prop_onigirya,Prop,Maskot,0,0,0,0,0,0,1,0,0,0,0,0,0,0,0,0,0,1,0,1,1,1,,
葉っぱ(葉っぱ隊),prop_happa,Prop,Ornaments,0,0,0,0,0,0,0,0,0,1,0,0,0,0,0,0,0,1,0,1,1,1,,
ハートパーティクル,prop_eff_heart_2022,Prop,Effect,0,0,0,0,1,0,0,0,0,0,0,0,0,1,0,0,0,1,0,1,1,1,,
チョコ箱,prop_valentine_box_2022,Prop,Ornaments,0,0,0,0,0,0,0,0,0,1,0,0,0,0,0,0,0,1,0,1,1,1,,
チョコ,prop_valentine_choco_2022,Prop,Ornaments,0,0,0,0,0,0,0,0,0,1,0,0,0,0,0,0,0,1,0,1,1,1,,
あんきも,prop_ankimo,Prop,Maskot,0,0,0,0,0,0,1,0,0,0,0,0,0,0,0,0,0,1,0,1,1,1,,
ねこ足,prop_cat_foot,Prop,Accessories,0,0,0,0,0,0,0,0,1,0,0,0,0,0,0,0,0,1,0,1,1,1,,
拡声器,prop_megaphone,Prop,Equipment,0,0,0,0,0,0,0,0,0,0,0,1,0,0,0,0,0,1,0,1,1,1,,
モデル変更エフェクト,prop_model_change_effect,Prop,Effect,0,0,0,0,1,0,0,0,0,0,0,0,0,0,0,0,0,1,0,1,1,1,,
SSRB,prop_ssrb,Prop,Maskot,0,0,0,0,0,0,1,0,0,0,0,0,0,0,0,0,0,1,0,1,1,1,,
SSRB迷彩柄,prop_ssrb_camouflage,Prop,Maskot,0,0,0,0,0,0,1,0,0,0,0,0,0,0,0,0,0,1,0,1,1,1,,
SSRB白,prop_ssrb_white,Prop,Maskot,0,0,0,0,0,0,1,0,0,0,0,0,0,0,0,0,0,1,0,1,1,1,,
クッキー,prop_whiteday_cookie,Prop,Ornaments,0,0,0,0,0,0,0,0,0,1,0,0,0,0,0,0,0,1,0,1,1,1,,
マシュマロ,prop_whiteday_marshmallow,Prop,Ornaments,0,0,0,0,0,0,0,0,0,1,0,0,0,0,0,0,0,1,0,1,1,1,,
ホワイトデー箱,prop_whiteday_box,Prop,Ornaments,0,0,0,0,0,0,0,0,0,1,0,0,0,0,0,0,0,1,0,1,1,1,,
NEKO（衣装）,prop_neko_boss,Prop,Maskot,0,0,0,0,0,0,1,0,0,0,0,0,0,0,0,0,0,1,0,1,1,1,,
ぬんぬん,prop_nunnun,Prop,Maskot,0,0,0,0,0,0,1,0,0,0,0,0,0,0,0,0,0,1,0,1,1,1,,
麩菓子,prop_fugashi,Prop,Ornaments,0,0,0,0,0,0,0,0,0,1,0,0,0,0,0,0,0,1,0,1,1,1,,
マヨネーズ,prop_mayonnaise,Prop,Ornaments,0,0,0,0,0,0,0,0,0,1,0,0,0,0,0,0,0,1,0,1,1,1,,
イースターエッグ,prop_easter_egg,Prop,Ornaments,0,0,0,0,0,0,0,0,0,1,0,0,0,0,0,0,0,1,0,1,1,1,,
ランドセル,prop_school_bag,Prop,Equipment,0,0,0,0,0,0,0,0,0,0,0,1,0,0,0,0,0,1,0,1,1,1,,
巾着(夏),prop_kinchaku_summer,Prop,Equipment,0,0,0,0,0,0,0,0,0,0,1,1,0,0,0,0,0,1,0,1,1,1,,
水風船,prop_mizufuusen,Prop,Ornaments,0,0,0,0,0,1,0,0,0,1,1,0,0,0,0,0,0,1,0,1,1,1,,
りんご飴,prop_ringoame,Prop,Ornaments,0,0,0,0,0,0,0,0,0,1,0,0,0,0,0,0,0,1,0,1,1,1,,
うちわ(夏),prop_uchiwa_summer,Prop,Equipment,0,0,0,0,0,0,0,0,0,0,1,1,0,0,0,0,0,1,0,1,1,1,,
脱出ゲーム用立方体,prop_cubepuzzle,Prop,Game,0,0,0,1,0,0,0,0,0,0,0,0,0,0,0,0,0,1,0,1,1,1,,
黒子(2022すいせい誕生日ライブ用),prop_kuroko_motion,Prop,StageOption,0,0,0,0,0,0,0,1,0,0,0,0,0,0,0,0,0,1,0,1,1,1,,
タブレット,prop_tablet,Prop,Equipment,0,0,0,0,0,0,0,0,0,0,0,1,0,0,0,0,0,1,0,1,1,1,,
おまえさんラジコン,prop_omaesan_radicon,Prop,Equipment,0,0,0,0,0,0,0,0,0,0,0,1,0,0,0,0,0,1,0,1,1,1,,
おまえさんラジコン(パーツ),prop_omaesan_radicon_parts,Prop,Equipment,0,0,0,0,0,0,0,0,0,0,0,1,0,0,0,0,0,1,0,1,1,1,,
アタッシュケース,prop_attachecase,Prop,Equipment,0,0,0,0,0,0,0,0,0,0,0,1,0,0,0,0,0,1,0,1,1,1,,
スタこれPC,prop_stars_pc,Prop,Equipment,0,0,0,0,0,0,0,0,0,0,0,1,0,0,0,0,0,1,0,1,1,1,,
オウガバーナー,prop_ouga_gusbomb,Prop,Equipment,0,0,0,0,0,0,0,0,0,0,0,1,0,0,0,0,0,1,0,1,1,1,,
クロヱチップ,prop_chroe_tip,Prop,Game,0,0,0,1,0,0,0,0,0,0,0,0,0,0,0,0,0,1,0,1,1,1,,
ルイバイク,prop_ruibike,Prop,Equipment,0,0,0,0,0,0,0,0,0,0,0,1,0,0,0,0,0,1,0,1,1,1,,
スクリーンキューブ,prop_screencube,Prop,Equipment,0,0,0,0,0,0,0,0,0,0,0,1,0,0,0,0,0,1,0,1,1,1,,
テニスボール,prop_tennis_ball,Prop,Game,0,0,0,1,0,0,0,0,0,0,0,0,0,0,0,0,0,1,0,1,1,1,,
グリッチノイズエフェクト,prop_chara_gltch_noise_effect,Prop,Effect,0,0,0,0,1,0,0,0,0,0,0,0,0,0,0,0,0,1,0,1,1,1,,
黒子ベース,prop_band_base,Prop,Instruments,1,0,0,0,0,0,0,0,0,0,0,0,0,0,0,0,0,1,0,1,1,1,,
黒子ギター,prop_band_guitar,Prop,Instruments,1,0,0,0,0,0,0,0,0,0,0,0,0,0,0,0,0,1,0,1,1,1,,
黒子ドラム,prop_band_drum,Prop,Instruments,1,0,0,0,0,0,0,0,0,0,0,0,0,0,0,0,0,1,0,1,1,1,,
ミオポップ,prop_miopop,Prop,Popup,0,0,1,0,0,0,0,0,0,0,0,0,0,0,0,0,0,1,0,1,1,1,,
おかゆポップ,prop_okayupop,Prop,Popup,0,0,1,0,0,0,0,0,0,0,0,0,0,0,0,0,0,1,0,1,1,1,,
あやめポップ,prop_ayamepop,Prop,Popup,0,0,1,0,0,0,0,0,0,0,0,0,0,0,0,0,0,1,0,1,1,1,,
ぺこらポップ,prop_pekorapop_break,Prop,Popup,0,0,1,0,0,0,0,0,0,0,0,0,0,0,0,0,0,1,0,1,1,1,,
マリンポップ,prop_marinepop,Prop,Popup,0,0,1,0,0,0,0,0,0,0,0,0,0,0,0,0,0,1,0,1,1,1,,
顔ハメ,prop_kaohame_panel,Prop,Popup,0,0,1,0,0,0,0,0,0,0,0,0,0,0,0,0,0,1,0,1,1,1,,
YAGOO,prop_yagoo,Prop,Popup,0,0,1,0,0,0,0,0,0,0,0,0,0,0,0,0,0,1,0,1,1,1,,
YAGOO2,prop_yagoo2,Prop,Popup,0,0,1,0,0,0,0,0,0,0,0,0,0,0,0,0,0,1,0,1,1,1,,
ぼたんポップ,prop_botanpop,Prop,Popup,0,0,1,0,0,0,0,0,0,0,0,0,0,0,0,0,0,1,0,1,1,1,,
ラミィポップ,prop_lamypop,Prop,Popup,0,0,1,0,0,0,0,0,0,0,0,0,0,0,0,0,0,1,0,1,1,1,,
ポルカポップ,prop_polkapop,Prop,Popup,0,0,1,0,0,0,0,0,0,0,0,0,0,0,0,0,0,1,0,1,1,1,,
はあとポップ,prop_haato_pop,Prop,Popup,0,0,1,0,0,0,0,0,0,0,0,0,0,0,0,0,0,1,0,1,1,1,,
みやびポップ,prop_miyabipop,Prop,Popup,0,0,1,0,0,0,0,0,0,0,0,0,0,0,0,0,0,1,0,1,1,1,,
IRySポップ,prop_irys_pop,Prop,Popup,0,0,1,0,0,0,0,0,0,0,0,0,0,0,0,0,0,1,0,1,1,1,,
クロヱポップ,prop_chroe_pop,Prop,Popup,0,0,1,0,0,0,0,0,0,0,0,0,0,0,0,0,0,1,0,1,1,1,,
ラプラスポップ,prop_laplus_pop,Prop,Popup,0,0,1,0,0,0,0,0,0,0,0,0,0,0,0,0,0,1,0,1,1,1,,
シエン部下ポップ,prop_shien_subordinate_pop,Prop,Popup,0,0,1,0,0,0,0,0,0,0,0,0,0,0,0,0,0,1,0,1,1,1,,